Molecule , De (eV) ,  re (Å)  ,l , (amu) a
H2  , 4.7446 , 0.7416 ,0.50391, 1.440558
LiH  ,2.515287 ,1.5956 ,0.8801221 ,1.7998368
HCl  ,4.61907 ,1.2746 ,0.9801045 ,2.38057
CO  ,11.2256 ,1.1283 ,6.8606719 ,2.59441